{"cameraMode":{"drawMode":2,"name":"Shaded Wireframe","section":"Shading Mode"},"sceneLighting":true,"audioPlay":false,"sceneViewState":{"m_AlwaysRefresh":false,"showFog":true,"showSkybox":true,"showFlares":true,"showImageEffects":true,"showParticleSystems":true,"showVisualEffectGraphs":true,"m_FxEnabled":true},"in2DMode":false,"pivot":{"x":-0.4978146553039551,"y":-0.21843791007995606,"z":13.991544723510743},"rotation":{"x":-0.05278509110212326,"y":0.002094467869028449,"z":-0.00011079326941398904,"w":-0.9986030459403992},"size":11.511842727661133,"orthographic":false}