{"cameraMode":{"drawMode":0,"name":"Shaded","section":"Shading Mode"},"sceneLighting":true,"audioPlay":false,"sceneViewState":{"m_AlwaysRefresh":false,"showFog":true,"showSkybox":true,"showFlares":true,"showImageEffects":true,"showParticleSystems":true,"showVisualEffectGraphs":true,"m_FxEnabled":true},"in2DMode":false,"pivot":{"x":12.173917770385743,"y":-7.216348171234131,"z":-6.038047790527344},"rotation":{"x":0.04168112203478813,"y":0.9581609964370728,"z":-0.19104833900928498,"w":0.20903818309307099},"size":17.090368270874025,"orthographic":false}